Emp_Id,First_Name,Last_Name,Joining_Date,Address,DateOfBirth,Phone_Number,Employee_Status,Payment_Status,InsertedFrom,InsertedDate,InsertedTime
1112,Austin,James,2022-01-20T00:00:00,Flat No 002 Fake Street Pune,1967-08-15T00:00:00,9898787867,Employeed,Payment Pending,DB,05-01-2023,16:29:57
1113,Peter,Carolina,2001-01-29T00:00:06,Flat No 003 Fake Street Pune,1969-05-19T00:00:00,9898787868,Employeed,Payment Pending,DB,05-01-2023,16:29:57
1114,Glenn,Bison,2001-02-12T00:00:55,Flat No 004 Fake Street Pune,1971-02-21T00:00:00,9898787861,Employeed,Payment Pending,DB,05-01-2023,16:29:57
1115,Mark,Henry,2001-02-26T00:00:00,Flat No 005 Fake Street Pune,1972-11-25T00:00:00,9898787869,Employeed,Payment Processed,DB,05-01-2023,16:29:57
1116,Sadio,Mane,2001-02-27T00:00:00,Flat No 006 Fake Street Pune,1998-10-02T00:00:02,9898787863,Employeed,Payment Processed,DB,05-01-2023,16:29:57
1117,Ronaldinho,Gacha,2001-02-28T00:00:00,Flat No 007 Fake Street Pune,1962-11-25T00:00:01,9898787862,Employeed,,DB,05-01-2023,16:29:57
1115,Mark,Henry,26-02-2001,Flat No 001 Fake Street Pune,25-11-1972,9898787986,Employeed,Payment Pending,SFTP,05-01-2023,16:30:02
1116,Sadio,Mane,27-02-2001,Flat No 001 Fake Street Pune,02-10-1998,9898787987,Employeed,Payment Pending,SFTP,05-01-2023,16:30:02
1117,Ronaldinho,Gacha,28-02-2001,Flat No 001 Fake Street Pune,25-11-1962,9898787988,Employeed,Payment Pending,SFTP,05-01-2023,16:30:02
A-0043,Jennifer,Doyle,26-03-2001,Flat No 001 Fake Str,03-06-1976,9900000000,Active,Payment Pending,SalesForce,05-01-2023,16:30:18
A-0044,Patricia,Carter,09-04-2001,Flat No 002 Fake Str,08-03-1978,9900000000,Active,Payment Pending,SalesForce,05-01-2023,16:30:18
A-0045,Randy,bryant,23-04-2001,Flat No 001 Fake Str,11-12-1979,9900000000,Active,Payment Pending,SalesForce,05-01-2023,16:30:18
A-0056,Mckenzie,Casnellie,08-10-2001,Flat No 002 Fake Street Pune,29-06-1970,9900000000,Active,Payment Pending,SalesForce,05-01-2023,16:30:18
A-0046,Rachelle,Butler,07-05-2001,Flat No 002 Fake Str,06-10-1965,9900000000,Active,Payment Pending,SalesForce,05-01-2023,16:30:18
A-0047,Kelly,Coil,21-05-2001,Flat No 001 Fake Str,12-03-1966,9900000000,Active,Payment Pending,SalesForce,05-01-2023,16:30:18
A-0048,Farren,Frerking,04-06-2001,Flat No 002 Fake Str,16-08-1966,9900000000,Active,Payment Pending,SalesForce,05-01-2023,16:30:18
A-0049,Stephan,Andersen,18-06-2001,Flat No 001 Fake Str,20-01-1967,9900000000,Active,Payment Pending,SalesForce,05-01-2023,16:30:18
A-0057,Tina,Algren,22-10-2001,Flat No 002 Fake Street Pune,03-12-1970,9900000000,Active,Payment Pending,SalesForce,05-01-2023,16:30:18
A-0058,Bobby,Kuntz,05-11-2001,Flat No 002 Fake Street Pune,09-05-1971,9900000000,Active,Payment Pending,SalesForce,05-01-2023,16:30:18
A-0050,James,Fashen,02-07-2001,Flat No 002 Fake Str,26-06-1967,9900000000,Active,Payment Pending,SalesForce,05-01-2023,16:30:18
A-0051,Anish,Lobdell,16-07-2001,Flat No 001 Fake Str,30-11-1967,9900000000,Active,Payment Pending,SalesForce,05-01-2023,16:30:18
A-0052,Amy,Martin,30-07-2001,Flat No 002 Fake Str,05-05-1968,9900000000,Active,Payment Pending,SalesForce,05-01-2023,16:30:18
A-0053,Danny,Kelderhous,13-08-2001,Flat No 001 Fake Str,09-10-1968,9900000000,Active,Payment Pending,SalesForce,05-01-2023,16:30:18
A-0054,Bill,Ledbetter,27-08-2001,Flat No 002 Fake Str,15-03-1969,9900000000,Active,Payment Pending,SalesForce,05-01-2023,16:30:18
A-0055,Dedra,Jezek,10-09-2001,Flat No 001 Fake Str,19-08-1969,9900000000,Active,Payment Pending,SalesForce,05-01-2023,16:30:18
A-0056,Mckenzie,Casnellie,08-10-2001,Flat No 001 Fake Str,29-06-1970,9900000000,Active,Payment Pending,SalesForce,05-01-2023,16:30:18
A-0057,Tina,Algren,22-10-2001,Flat No 002 Fake Str,03-12-1970,9900000000,Active,Payment Pending,SalesForce,05-01-2023,16:30:18
A-0058,Bobby,Kuntz,05-11-2001,Flat No 001 Fake Str,09-05-1971,9900000000,Active,Payment Pending,SalesForce,05-01-2023,16:30:18
A-0059,Cassandra,Kruse,19-11-2001,Flat No 002 Fake Str,13-10-1971,9900000000,Active,Payment Pending,SalesForce,05-01-2023,16:30:18
A-0060,Terri,Ammentorp,03-12-2001,Flat No 001 Fake Str,18-03-1972,9900000000,Active,Payment Pending,SalesForce,05-01-2023,16:30:18
A-0043,Jennifer,Doyle,26-03-2001,Flat No 002 Fake Street Pune,03-06-1976,9900000000,Active,Payment Pending,SalesForce,05-01-2023,16:30:18
A-0044,Patricia,Carter,09-04-2001,Flat No 002 Fake Street Pune,08-03-1978,9900000000,Active,Payment Pending,SalesForce,05-01-2023,16:30:18
A-0045,Randy,bryant,23-04-2001,Flat No 002 Fake Street Pune,11-12-1979,9900000000,Active,Payment Pending,SalesForce,05-01-2023,16:30:18
A-0046,Rachelle,Butler,07-05-2001,Flat No 002 Fake Street Pune,06-10-1965,9900000000,Active,Payment Pending,SalesForce,05-01-2023,16:30:18
A-0055,Dedra,Jezek,10-09-2001,Flat No 002 Fake Street Pune,19-08-1969,9900000000,Active,Payment Pending,SalesForce,05-01-2023,16:30:18
A-0059,Cassandra,Kruse,19-11-2001,Flat No 002 Fake Street Pune,13-10-1971,9900000000,Active,Payment Pending,SalesForce,05-01-2023,16:30:18
A-0052,Amy,Martin,30-07-2001,Flat No 002 Fake Street Pune,05-05-1968,9900000000,Active,Payment Pending,SalesForce,05-01-2023,16:30:18
A-0053,Danny,Kelderhous,13-08-2001,Flat No 002 Fake Street Pune,09-10-1968,9900000000,Active,Payment Pending,SalesForce,05-01-2023,16:30:18
A-0054,Bill,Ledbetter,27-08-2001,Flat No 002 Fake Street Pune,15-03-1969,9900000000,Active,Payment Pending,SalesForce,05-01-2023,16:30:18
A-0060,Terri,Ammentorp,03-12-2001,Flat No 002 Fake Street Pune,18-03-1972,9900000000,Active,Payment Pending,SalesForce,05-01-2023,16:30:18
A-0047,Kelly,Coil,21-05-2001,Flat No 002 Fake Street Pune,12-03-1966,9900000000,Active,Payment Pending,SalesForce,05-01-2023,16:30:18
A-0048,Farren,Frerking,04-06-2001,Flat No 002 Fake Street Pune,16-08-1966,9900000000,Active,Payment Pending,SalesForce,05-01-2023,16:30:18
A-0049,Stephan,Andersen,18-06-2001,Flat No 002 Fake Street Pune,20-01-1967,9900000000,Active,Payment Pending,SalesForce,05-01-2023,16:30:18
A-0050,James,Fashen,02-07-2001,Flat No 002 Fake Street Pune,26-06-1967,9900000000,Active,Payment Pending,SalesForce,05-01-2023,16:30:18
A-0051,Anish,Lobdell,16-07-2001,Flat No 002 Fake Street Pune,30-11-1967,9900000000,Active,Payment Pending,SalesForce,05-01-2023,16:30:18
